se,2023-10-15 22:05:40,dear,Module 1,correct
ss,2023-10-15 22:14:30,dear,Module 1,fault
ss,2023-10-15 22:14:33,dear,Module 1,correct
sss,2023-10-15 22:38:56,dear,Module 1,correct
song shen,2023-10-16 10:03:30,dear,Module 1,correct
song shen,2023-10-16 10:03:35,well,Module 1,fault
song shen,2023-10-16 10:04:30,invent,Module 4,fault
songshen,2023-10-16 11:29:05,didn't,Module 3,correct
songshen,2023-10-16 11:29:11,National Day,Module 3,fault
ss,2023-10-16 15:35:05,dear,Module 1,fault
ss,2023-10-16 15:35:54,dear,Module 1,fault
ss,2023-10-16 15:35:58,dear,Module 1,correct
ss,2023-10-16 15:36:07,well,Module 1,fault
ss,2023-10-16 15:36:10,well,Module 1,correct
ss,2023-10-16 15:36:15,of,Module 1,fault
ss,2023-10-16 15:36:20,of,Module 1,correct
ss,2023-10-16 15:36:44,soon,Module 1,correct
ss,2023-10-16 15:36:49,tell,Module 1,fault
test,2023-10-16 16:07:52,invent,Module 4,fault
songshen,2023-10-16 17:09:16,dear,Module 1,correct
songshen,2023-10-16 17:09:19,well,Module 1,fault
te,2023-10-16 22:25:21,dear,book1,Module 1,fault
te,2023-10-16 22:25:24,dear,book1,Module 1,correct
te,2023-10-16 22:27:27,dear,book2,Module 1,fault
te,2023-10-16 22:27:29,dear,book2,Module 1,correct
te,2023-10-16 22:27:32,well,book2,Module 1,fault
test,2023-10-16 22:39:41,skirt,book1,Module 2,fault
test,2023-10-16 22:39:44,skirt,book1,Module 2,correct
test,2023-10-16 22:39:46,clean,book1,Module 2,fault
test,2023-10-16 22:39:50,clean,book1,Module 2,correct
test,2023-10-16 22:39:57,finish,book1,Module 2,correct
test,2023-10-16 22:40:04,dirty,book1,Module 2,fault
seven,2023-10-17 20:51:18,invent,book1,Module 4,fault
seven,2023-10-17 20:51:54,invent,book1,Module 4,correct
seven,2023-10-17 20:52:22,paper,book1,Module 4,fault
seven,2023-10-17 20:53:02,paper,book1,Module 4,correct
seven,2023-10-17 20:53:22,important,book1,Module 4,fault
seven,2023-10-17 20:54:04,important,book1,Module 4,correct
seven,2023-10-17 20:54:12,print,book1,Module 4,fault
seven,2023-10-17 20:54:52,print,book1,Module 4,correct
seven,2023-10-17 20:54:56,printing,book1,Module 4,fault
seven,2023-10-17 20:55:26,printing,book1,Module 4,correct
seven,2023-10-17 20:56:17,right,book1,Module 4,fault
seven,2023-10-17 20:56:46,right,book1,Module 4,correct
seven,2023-10-17 20:56:50,between,book1,Module 4,fault
seven,2023-10-17 20:57:23,between,book1,Module 4,correct
seven,2023-10-17 20:57:27,bicycle,book1,Module 4,fault
seven,2023-10-17 20:57:55,bicycle,book1,Module 4,correct
seven,2023-10-17 20:57:59,mouse,book1,Module 4,fault
seven,2023-10-17 20:58:16,mouse,book1,Module 4,correct
seven,2023-10-17 20:58:20,beside,book1,Module 4,fault
seven,2023-10-17 20:59:23,beside,book1,Module 4,correct
seven,2023-10-17 20:59:40,man,book1,Module 4,correct
ss,2023-10-17 22:05:09,went,book1,Module 5,fault
sss,2023-10-18 16:25:39,dear,book1,Module 1,fault
sss,2023-10-18 16:31:53,dear,book1,Module 1,correct
sss,2023-10-18 16:32:10,well,book1,Module 1,correct
sss,2023-10-18 16:42:02,of,book1,Module 1,correct
ss,2023-10-18 16:56:18,dear,book1,Module 1,correct
7,2023-10-18 20:03:31,didn't,book2,Module 3,fault
7,2023-10-18 20:05:57,didn't,book2,Module 3,correct
7,2023-10-18 20:06:13,National Day,book2,Module 3,fault
7,2023-10-18 20:07:09,National Day,book2,Module 3,fault
7,2023-10-18 20:07:38,National Day,book2,Module 3,fault
7,2023-10-18 20:08:46,National Day,book2,Module 3,correct
7,2023-10-18 20:09:04,stay,book2,Module 3,fault
7,2023-10-18 20:09:40,stay,book2,Module 3,correct
7,2023-10-18 20:10:20,what,book2,Module 3,fault
7,2023-10-18 20:10:43,what,book2,Module 3,correct
7,2023-10-18 20:10:46,boring,book2,Module 3,fault
7,2023-10-18 20:11:05,boring,book2,Module 3,correct
7,2023-10-18 20:11:08,day,book2,Module 3,fault
7,2023-10-18 20:11:15,day,book2,Module 3,correct
7,2023-10-18 20:11:45,day,book2,Module 3,correct
test,2023-10-18 21:41:26,invent,book1,Module 4,correct
test,2023-10-18 21:41:44,paper,book1,Module 4,correct
test,2023-10-18 21:41:48,important,book1,Module 4,fault
ss,2023-10-19 09:24:43,went,book1,Module 5,correct
ss,2023-10-19 09:24:46,saw,book1,Module 5,fault
ss,2023-10-19 09:24:48,saw,book1,Module 5,fault
ss,2023-10-19 09:24:52,saw,book1,Module 5,correct
ss,2023-10-19 09:24:56,trip,book1,Module 5,fault
ss,2023-10-19 09:25:01,trip,book1,Module 5,correct
ss,2023-10-19 09:25:04,took,book1,Module 5,correct
ss,2023-10-19 09:25:08,fifty,book1,Module 5,correct
ss,2023-10-19 09:25:12,minute,book1,Module 5,correct
ss,2023-10-19 09:25:16,top,book1,Module 5,fault
ss,2023-10-19 09:25:20,top,book1,Module 5,correct
ss,2023-10-19 09:25:23,mountain,book1,Module 5,fault
ss,2023-10-19 09:25:28,mountain,book1,Module 5,correct
ss,2023-10-19 09:25:31,ate,book1,Module 5,correct
ss,2023-10-19 09:25:34,candies,book1,Module 5,correct
ss,2023-10-19 09:25:38,plant,book1,Module 5,correct
ss,2023-10-19 09:25:41,had,book1,Module 5,fault
ss,2023-10-19 09:25:45,had,book1,Module 5,correct
ss,2023-10-19 09:27:27,have a good time,book1,Module 5,fault
ss,2023-10-19 09:27:34,have a good time,book1,Module 5,fault
ss,2023-10-19 09:27:45,have a good time,book1,Module 5,fault
ss,2023-10-19 09:27:50,have a good time,book1,Module 5,correct
ss,2023-10-19 09:27:56,bought,book1,Module 5,correct
ss,2023-10-19 09:28:01,wore,book1,Module 5,fault
ss,2023-10-19 09:28:03,wore,book1,Module 5,correct
ss,2023-10-19 09:28:07,go on a trip,book1,Module 5,fault
ss,2023-10-19 09:28:14,go on a trip,book1,Module 5,correct
ss,2023-10-19 09:28:17,ice,book1,Module 5,correct
ss,2023-10-19 09:28:21,at first,book1,Module 5,fault
ss,2023-10-19 09:34:22,at first,book1,Module 5,correct
ss,2023-10-19 09:34:26,fell,book1,Module 5,fault
ss,2023-10-19 09:34:30,fell,book1,Module 5,correct
ss,2023-10-19 09:34:32,fall over,book1,Module 5,fault
ss,2023-10-19 09:34:41,fall over,book1,Module 5,correct
ss,2023-10-19 09:34:44,hurt,book1,Module 5,correct
ss,2023-10-19 09:34:49,a lot,book1,Module 5,correct
ss,2023-10-19 09:34:55,able,book1,Module 5,fault
ss,2023-10-19 09:35:00,able,book1,Module 5,correct
ss,2023-10-19 09:35:10,be able to,book1,Module 5,correct
ss,2023-10-19 09:35:13,skate,book1,Module 5,fault
ss,2023-10-19 09:35:16,skate,book1,Module 5,correct
ss,2023-10-19 09:41:10,skate,book1,Module 5,fault
ss,2023-10-19 09:42:27,skate,book1,Module 5,fault
ss,2023-10-19 09:42:38,skate,book1,Module 5,correct
ss,2023-10-19 09:43:19,skate,book1,Module 5,fault
ss,2023-10-19 09:43:24,skate,book1,Module 5,correct
ss,2023-10-19 09:46:13,went,book1,Module 5,fault
ss,2023-10-19 09:48:37,went,book1,Module 5,correct
ss,2023-10-21 10:43:32,dear,book1,Module 1,fault
ss,2023-10-21 10:43:57,dear,book1,Module 1,correct
ss,2023-10-21 10:44:00,well,book1,Module 1,fault
7,2023-10-21 19:48:51,invent,book1,Module 4,fault
7,2023-10-21 19:50:12,invent,book1,Module 4,correct
7,2023-10-21 19:50:22,paper,book1,Module 4,fault
7,2023-10-21 19:50:51,paper,book1,Module 4,correct
7,2023-10-21 19:51:39,important,book1,Module 4,fault
7,2023-10-21 19:51:44,important,book1,Module 4,fault
7,2023-10-21 19:53:10,important,book1,Module 4,correct
7,2023-10-21 19:53:15,print,book1,Module 4,fault
7,2023-10-21 19:53:42,print,book1,Module 4,correct
7,2023-10-21 19:53:50,printing,book1,Module 4,fault
7,2023-10-21 19:54:35,printing,book1,Module 4,correct
7,2023-10-21 19:54:46,right,book1,Module 4,fault
7,2023-10-21 19:55:45,right,book1,Module 4,correct
7,2023-10-21 19:55:59,between,book1,Module 4,fault
7,2023-10-21 19:57:34,between,book1,Module 4,correct
7,2023-10-21 19:57:41,bicycle,book1,Module 4,fault
7,2023-10-21 19:57:43,bicycle,book1,Module 4,fault
7,2023-10-21 19:59:18,bicycle,book1,Module 4,correct
7,2023-10-21 19:59:34,mouse,book1,Module 4,fault
7,2023-10-21 20:00:01,mouse,book1,Module 4,correct
7,2023-10-21 20:00:03,beside,book1,Module 4,fault
7,2023-10-21 20:00:22,beside,book1,Module 4,correct
7,2023-10-21 20:00:51,man,book1,Module 4,correct
ss,2023-10-21 20:38:27,went,book1,Module 5,fault
ss,2023-10-21 20:38:51,become,book1,Module 6,fault
ss,2023-10-23 20:07:52,invent,book1,Module 4,fault
ss,2023-10-23 20:08:17,invent,book1,Module 4,correct
ss,2023-10-23 20:09:04,paper,book1,Module 4,correct
ss,2023-10-23 20:09:16,important,book1,Module 4,fault
ss,2023-10-23 20:09:41,important,book1,Module 4,correct
ss,2023-10-23 20:09:49,print,book1,Module 4,fault
ss,2023-10-23 20:10:13,print,book1,Module 4,correct
ss,2023-10-23 20:10:36,printing,book1,Module 4,correct
ss,2023-10-23 20:10:51,right,book1,Module 4,fault
ss,2023-10-23 20:11:16,right,book1,Module 4,correct
ss,2023-10-23 20:11:37,between,book1,Module 4,fault
ss,2023-10-23 20:11:56,between,book1,Module 4,correct
ss,2023-10-23 20:12:12,bicycle,book1,Module 4,fault
ss,2023-10-23 20:13:13,bicycle,book1,Module 4,correct
ss,2023-10-23 20:13:15,mouse,book1,Module 4,fault
ss,2023-10-23 20:13:36,mouse,book1,Module 4,correct
ss,2023-10-23 20:13:39,beside,book1,Module 4,fault
ss,2023-10-23 20:14:03,beside,book1,Module 4,correct
ss,2023-10-23 20:14:10,man,book1,Module 4,correct
ss,2023-10-24 18:16:50,dear,book1,Module 1,fault
ss,2023-10-24 18:16:53,dear,book1,Module 1,correct
ss,2023-10-24 20:47:50,dear,book1,Module 1,correct
ss,2023-10-24 20:47:52,well,book1,Module 1,fault
ss,2023-10-24 21:05:10,tell,book1,Module 1,correct
ss,2023-10-24 21:14:51,dear,book1,Module 1,fault
ss,2023-10-24 21:16:56,dear,book1,Module 1,fault
ss,2023-10-24 21:48:54,dear,book1,Module 1,fault
ss,2023-10-24 21:48:58,dear,book1,Module 1,fault
ss,2023-10-24 21:49:00,dear,book1,Module 1,fault
ss,2023-10-24 21:49:11,dear,book1,Module 1,fault
ss,2023-10-24 21:51:00,well,book1,Module 1,correct
ss,2023-10-24 21:51:06,soon,book1,Module 1,correct
ss,2023-10-24 21:51:16,love,book1,Module 1,fault
ss,2023-10-24 21:58:54,dear,book1,Module 1,fault
ss,2023-10-24 21:58:59,dear,book1,Module 1,correct
ss,2023-10-24 21:59:04,well,book1,Module 1,correct
ss,2023-10-24 21:59:08,of,book1,Module 1,fault
ss,2023-10-24 21:59:14,of,book1,Module 1,fault
ss,2023-10-24 22:01:26,dear,book1,Module 1,fault
ss,2023-10-24 22:01:35,dear,book1,Module 1,fault
ss,2023-10-24 22:01:41,dear,book1,Module 1,fault
ss,2023-10-24 22:01:50,dear,book1,Module 1,correct
ss,2023-10-24 22:01:56,well,book1,Module 1,fault
ss,2023-10-24 22:02:02,well,book1,Module 1,fault
ss,2023-10-24 22:02:08,well,book1,Module 1,fault
ss,2023-10-24 22:02:11,well,book1,Module 1,correct
ss,2023-10-24 22:02:26,of,book1,Module 1,fault
ss,2023-10-24 22:02:32,of,book1,Module 1,fault
ss,2023-10-24 22:02:36,of,book1,Module 1,fault
ss,2023-10-24 22:03:21,of,book1,Module 1,fault
ss,2023-10-24 22:04:23,dear,book1,Module 1,correct
ss,2023-10-24 22:04:27,well,book1,Module 1,fault
ss,2023-10-24 22:06:42,dear,book1,Module 1,correct
ss,2023-10-24 22:07:03,well,book1,Module 1,fault
ss,2023-10-24 22:07:19,well,book1,Module 1,fault
ss,2023-10-24 22:07:24,well,book1,Module 1,fault
ss,2023-10-24 22:07:36,well,book1,Module 1,correct
ss,2023-10-24 22:16:53,dear,book1,Module 1,correct
ss,2023-10-24 22:17:06,well,book1,Module 1,correct
ss,2023-10-24 22:17:11,of,book1,Module 1,fault
ss,2023-10-24 22:17:34,of,book1,Module 1,correct
ss,2023-10-24 22:17:41,soon,book1,Module 1,correct
ss,2023-10-24 22:17:50,tell,book1,Module 1,fault
ss,2023-10-24 22:20:42,dear,book1,Module 1,correct
ss,2023-10-24 22:21:03,well,book1,Module 1,correct
ss,2023-10-24 22:21:08,of,book1,Module 1,correct
ss,2023-10-24 22:21:10,soon,book1,Module 1,fault
ss,2023-10-24 22:21:27,soon,book1,Module 1,correct
ss,2023-10-24 22:23:46,dear,book1,Module 1,correct
ss,2023-10-24 22:28:07,dear,book1,Module 1,fault
ss,2023-10-24 22:28:20,dear,book1,Module 1,fault
ss,2023-10-24 22:28:26,dear,book1,Module 1,fault
ss,2023-10-24 22:28:38,dear,book1,Module 1,fault
ss,2023-10-24 22:41:19,dear,book1,Module 1,correct
ss,2023-10-24 22:44:01,dear,book1,Module 1,fault
ss,2023-10-24 22:44:18,dear,book1,Module 1,fault
ss,2023-10-24 22:44:41,dear,book1,Module 1,correct
ss,2023-10-24 22:44:56,well,book1,Module 1,fault
ss,2023-10-24 22:45:14,well,book1,Module 1,fault
ss,2023-10-24 22:45:28,well,book1,Module 1,correct
ss,2023-10-24 22:45:42,of,book1,Module 1,fault
ss,2023-10-24 22:45:49,of,book1,Module 1,correct
ss,2023-10-24 22:45:57,soon,book1,Module 1,fault
ss,2023-10-24 22:46:10,soon,book1,Module 1,correct
ss,2023-10-24 22:52:16,dear,book1,Module 1,correct
ss,2023-10-24 22:52:49,well,book1,Module 1,fault
ss,2023-10-24 22:53:05,of,book1,Module 1,correct
ss,2023-10-24 22:53:27,soon,book1,Module 1,fault
ss,2023-10-24 22:54:06,tell,book1,Module 1,fault
ss,2023-10-24 22:54:19,love,book1,Module 1,fault
ss,2023-10-24 23:08:57,dear,book1,Module 1,fault
ss,2023-10-24 23:10:05,dear,book1,Module 1,fault
ss,2023-10-24 23:10:18,dear,book1,Module 1,fault
ss,2023-10-24 23:10:54,dear,book1,Module 1,fault
ss,2023-10-24 23:13:09,dear,book1,Module 1,correct
ss,2023-10-24 23:15:00,dear,book1,Module 1,correct
ss,2023-10-24 23:15:16,well,book1,Module 1,correct
ss,2023-10-24 23:15:36,of,book1,Module 1,fault
ss,2023-10-24 23:16:00,soon,book1,Module 1,fault
ss,2023-10-24 23:16:14,tell,book1,Module 1,fault
ss,2023-10-24 23:29:45,dear,book1,Module 1,fault
ss,2023-10-24 23:30:03,well,book1,Module 1,fault
ss,2023-10-24 23:45:15,dear,book1,Module 1,fault
ss,2023-10-24 23:58:02,dear,book1,Module 1,fault
ss,2023-10-24 23:58:20,well,book1,Module 1,correct
ss,2023-10-24 23:58:34,of,book1,Module 1,correct
ss,2023-10-24 23:58:39,soon,book1,Module 1,correct
ss,2023-10-24 23:58:44,tell,book1,Module 1,fault
sss,2023-10-25 00:00:05,dear,book1,Module 1,fault
sss,2023-10-25 00:00:09,dear,book1,Module 1,correct
sss,2023-10-25 00:00:19,well,book1,Module 1,correct
