7,2023-10-18 20:03:31,didn't,book2,Module 3,fault
7,2023-10-18 20:05:57,didn't,book2,Module 3,correct
7,2023-10-18 20:06:13,National Day,book2,Module 3,fault
7,2023-10-18 20:07:09,National Day,book2,Module 3,fault
7,2023-10-18 20:07:38,National Day,book2,Module 3,fault
7,2023-10-18 20:08:46,National Day,book2,Module 3,correct
7,2023-10-18 20:09:04,stay,book2,Module 3,fault
7,2023-10-18 20:09:40,stay,book2,Module 3,correct
7,2023-10-18 20:10:20,what,book2,Module 3,fault
7,2023-10-18 20:10:43,what,book2,Module 3,correct
7,2023-10-18 20:10:46,boring,book2,Module 3,fault
7,2023-10-18 20:11:05,boring,book2,Module 3,correct
7,2023-10-18 20:11:08,day,book2,Module 3,fault
7,2023-10-18 20:11:15,day,book2,Module 3,correct
7,2023-10-18 20:11:45,day,book2,Module 3,correct
7,2023-10-21 19:48:51,invent,book1,Module 4,fault
7,2023-10-21 19:50:12,invent,book1,Module 4,correct
7,2023-10-21 19:50:22,paper,book1,Module 4,fault
7,2023-10-21 19:50:51,paper,book1,Module 4,correct
7,2023-10-21 19:51:39,important,book1,Module 4,fault
7,2023-10-21 19:51:44,important,book1,Module 4,fault
7,2023-10-21 19:53:10,important,book1,Module 4,correct
7,2023-10-21 19:53:15,print,book1,Module 4,fault
7,2023-10-21 19:53:42,print,book1,Module 4,correct
7,2023-10-21 19:53:50,printing,book1,Module 4,fault
7,2023-10-21 19:54:35,printing,book1,Module 4,correct
7,2023-10-21 19:54:46,right,book1,Module 4,fault
7,2023-10-21 19:55:45,right,book1,Module 4,correct
7,2023-10-21 19:55:59,between,book1,Module 4,fault
7,2023-10-21 19:57:34,between,book1,Module 4,correct
7,2023-10-21 19:57:41,bicycle,book1,Module 4,fault
7,2023-10-21 19:57:43,bicycle,book1,Module 4,fault
7,2023-10-21 19:59:18,bicycle,book1,Module 4,correct
7,2023-10-21 19:59:34,mouse,book1,Module 4,fault
7,2023-10-21 20:00:01,mouse,book1,Module 4,correct
7,2023-10-21 20:00:03,beside,book1,Module 4,fault
7,2023-10-21 20:00:22,beside,book1,Module 4,correct
7,2023-10-21 20:00:51,man,book1,Module 4,correct
7,2023-10-25 20:13:58,went,book1,Module 5,fault
7,2023-10-25 20:14:05,went,book1,Module 5,correct
7,2023-10-25 20:14:14,saw,book1,Module 5,correct
7,2023-10-25 20:14:25,trip,book1,Module 5,fault
7,2023-10-25 20:14:41,trip,book1,Module 5,correct
7,2023-10-25 20:14:46,took,book1,Module 5,fault
7,2023-10-25 20:16:17,took,book1,Module 5,fault
7,2023-10-25 20:16:47,took,book1,Module 5,correct
7,2023-10-25 20:17:10,fifty,book1,Module 5,correct
7,2023-10-25 20:17:51,minute,book1,Module 5,fault
7,2023-10-25 20:18:00,minute,book1,Module 5,correct
7,2023-10-25 20:18:07,top,book1,Module 5,correct
7,2023-10-25 20:18:13,mountain,book1,Module 5,correct
7,2023-10-25 20:18:22,ate,book1,Module 5,fault
7,2023-10-25 20:18:29,ate,book1,Module 5,correct
7,2023-10-25 20:18:34,candies,book1,Module 5,correct
7,2023-10-25 20:18:46,plant,book1,Module 5,fault
7,2023-10-25 20:18:54,plant,book1,Module 5,correct
7,2023-10-25 20:19:00,had,book1,Module 5,correct
7,2023-10-25 20:19:05,have a good time,book1,Module 5,correct
7,2023-10-25 20:19:10,bought,book1,Module 5,fault
7,2023-10-25 20:19:14,bought,book1,Module 5,correct
7,2023-10-25 20:19:20,wore,book1,Module 5,correct
7,2023-10-25 20:19:24,go on a trip,book1,Module 5,correct
7,2023-10-25 20:19:30,ice,book1,Module 5,correct
7,2023-10-25 20:19:36,at first,book1,Module 5,fault
7,2023-10-25 20:19:45,at first,book1,Module 5,correct
7,2023-10-25 20:19:50,fell,book1,Module 5,fault
7,2023-10-25 20:19:56,fell,book1,Module 5,correct
7,2023-10-25 20:20:06,fall over,book1,Module 5,fault
7,2023-10-25 20:20:12,fall over,book1,Module 5,correct
7,2023-10-25 20:20:24,hurt,book1,Module 5,fault
7,2023-10-25 20:20:28,hurt,book1,Module 5,correct
7,2023-10-25 20:20:37,a lot,book1,Module 5,correct
7,2023-10-25 20:20:42,able,book1,Module 5,correct
7,2023-10-25 20:20:53,be able to,book1,Module 5,correct
7,2023-10-25 20:20:58,skate,book1,Module 5,correct
